window,seed,arm,stratum,n,macro_f1,balanced_accuracy,accuracy
1,42,majority,has_news,290,0.11270296084049665,0.3333333333333333,0.20344827586206896
1,42,majority,no_news,310,0.10961365678346811,0.3333333333333333,0.1967741935483871
1,43,majority,has_news,290,0.11270296084049665,0.3333333333333333,0.20344827586206896
1,43,majority,no_news,310,0.10961365678346811,0.3333333333333333,0.1967741935483871
1,44,majority,has_news,290,0.11270296084049665,0.3333333333333333,0.20344827586206896
1,44,majority,no_news,310,0.10961365678346811,0.3333333333333333,0.1967741935483871
1,42,random,has_news,290,0.29746369113946736,0.3128883660580435,0.30344827586206896
1,42,random,no_news,310,0.32887934179463113,0.33746600692772416,0.35161290322580646
1,43,random,has_news,290,0.3093594348659004,0.3189223457471749,0.3275862068965517
1,43,random,no_news,310,0.31136050417841715,0.32263816482772584,0.3258064516129032
1,44,random,has_news,290,0.32248980131278154,0.33184714966248746,0.33793103448275863
1,44,random,no_news,310,0.32164021164021167,0.3433631797742092,0.32903225806451614
1,42,logreg_price,has_news,290,0.2792485797509688,0.32638794480312,0.46551724137931033
1,42,logreg_price,no_news,310,0.3227151325646538,0.3622166856260192,0.5161290322580645
1,43,logreg_price,has_news,290,0.2792485797509688,0.32638794480312,0.46551724137931033
1,43,logreg_price,no_news,310,0.3227151325646538,0.3622166856260192,0.5161290322580645
1,44,logreg_price,has_news,290,0.2792485797509688,0.32638794480312,0.46551724137931033
1,44,logreg_price,no_news,310,0.3227151325646538,0.3622166856260192,0.5161290322580645
1,42,logreg_price_sentiment,has_news,290,0.29509778401456394,0.3300280312551732,0.44482758620689655
1,42,logreg_price_sentiment,no_news,310,0.3361182099554192,0.37193713404378564,0.5258064516129032
1,43,logreg_price_sentiment,has_news,290,0.29509778401456394,0.3300280312551732,0.44482758620689655
1,43,logreg_price_sentiment,no_news,310,0.3361182099554192,0.37193713404378564,0.5258064516129032
1,44,logreg_price_sentiment,has_news,290,0.29509778401456394,0.3300280312551732,0.44482758620689655
1,44,logreg_price_sentiment,no_news,310,0.3361182099554192,0.37193713404378564,0.5258064516129032
1,42,lstm_price,has_news,290,0.2889443425424315,0.3349272583841752,0.47586206896551725
1,42,lstm_price,no_news,310,0.36776274684561444,0.38939602249067734,0.5290322580645161
1,43,lstm_price,has_news,290,0.33626414330610643,0.36140944221408994,0.4689655172413793
1,43,lstm_price,no_news,310,0.3677956030897207,0.38918781855783297,0.5129032258064516
1,44,lstm_price,has_news,290,0.29526109134270956,0.3438758042454728,0.4896551724137931
1,44,lstm_price,no_news,310,0.3561728395061728,0.3869813221298681,0.5387096774193548
1,42,lstm_price_sentiment,has_news,290,0.2854096981998086,0.32491702064102884,0.45517241379310347
1,42,lstm_price_sentiment,no_news,310,0.33475207972984106,0.36697280786848024,0.5129032258064516
1,43,lstm_price_sentiment,has_news,290,0.3180018993352327,0.3505035175479727,0.44482758620689655
1,43,lstm_price_sentiment,no_news,310,0.3887044206373577,0.402455875887193,0.5225806451612903
1,44,lstm_price_sentiment,has_news,290,0.3087545498893017,0.3506852444249617,0.4689655172413793
1,44,lstm_price_sentiment,no_news,310,0.32846946335318433,0.37123110171285534,0.5225806451612903
1,42,tft_price,has_news,290,0.33871130408318817,0.36016602345525217,0.4379310344827586
1,42,tft_price,no_news,310,0.37137142078386826,0.3941602867863781,0.4967741935483871
1,43,tft_price,has_news,290,0.29269356087352294,0.3254034752837575,0.45517241379310347
1,43,tft_price,no_news,310,0.36151938891992935,0.38116556981578026,0.5161290322580645
1,44,tft_price,has_news,290,0.2974729098792736,0.34188189510151273,0.4862068965517241
1,44,tft_price,no_news,310,0.3037466067099074,0.3467479476210084,0.5
1,42,tft_price_sentiment,has_news,290,0.33477826879405415,0.3544182751576122,0.46551724137931033
1,42,tft_price_sentiment,no_news,310,0.384182678919521,0.3942254232122959,0.5096774193548387
1,43,tft_price_sentiment,has_news,290,0.31171451593319865,0.33551174381041954,0.44482758620689655
1,43,tft_price_sentiment,no_news,310,0.31723420586357537,0.35356168303219365,0.5
1,44,tft_price_sentiment,has_news,290,0.33286514326463595,0.34010670558303807,0.35517241379310344
1,44,tft_price_sentiment,no_news,310,0.3246464823753108,0.33880246680950155,0.45161290322580644
2,42,majority,has_news,313,0.1589618815896188,0.3333333333333333,0.31309904153354634
2,42,majority,no_news,287,0.14246575342465753,0.3333333333333333,0.27177700348432055
2,43,majority,has_news,313,0.1589618815896188,0.3333333333333333,0.31309904153354634
2,43,majority,no_news,287,0.14246575342465753,0.3333333333333333,0.27177700348432055
2,44,majority,has_news,313,0.1589618815896188,0.3333333333333333,0.31309904153354634
2,44,majority,no_news,287,0.14246575342465753,0.3333333333333333,0.27177700348432055
2,42,random,has_news,313,0.3385475199031401,0.3410379536429957,0.34185303514376997
2,42,random,no_news,287,0.34123787084188395,0.34315493937586966,0.34843205574912894
2,43,random,has_news,313,0.34817432194438586,0.35196540154523354,0.3514376996805112
2,43,random,no_news,287,0.3746851281116701,0.37960644007155636,0.3797909407665505
2,44,random,has_news,313,0.35310668877833057,0.3594391602794964,0.3546325878594249
2,44,random,no_news,287,0.3239512537743568,0.3338352216259193,0.3240418118466899
2,42,logreg_price,has_news,313,0.3983015031045544,0.41491365777080064,0.46006389776357826
2,42,logreg_price,no_news,287,0.36091034888610163,0.39191015702643606,0.47038327526132406
2,43,logreg_price,has_news,313,0.3983015031045544,0.41491365777080064,0.46006389776357826
2,43,logreg_price,no_news,287,0.36091034888610163,0.39191015702643606,0.47038327526132406
2,44,logreg_price,has_news,313,0.3983015031045544,0.41491365777080064,0.46006389776357826
2,44,logreg_price,no_news,287,0.36091034888610163,0.39191015702643606,0.47038327526132406
2,42,logreg_price_sentiment,has_news,313,0.4199235074600623,0.4312340320743682,0.4728434504792332
2,42,logreg_price_sentiment,no_news,287,0.36153617818509437,0.3918033194195985,0.47038327526132406
2,43,logreg_price_sentiment,has_news,313,0.4199235074600623,0.4312340320743682,0.4728434504792332
2,43,logreg_price_sentiment,no_news,287,0.36153617818509437,0.3918033194195985,0.47038327526132406
2,44,logreg_price_sentiment,has_news,313,0.4199235074600623,0.4312340320743682,0.4728434504792332
2,44,logreg_price_sentiment,no_news,287,0.36153617818509437,0.3918033194195985,0.47038327526132406
2,42,lstm_price,has_news,313,0.3839960034307978,0.3890386924000369,0.41533546325878595
2,42,lstm_price,no_news,287,0.41054345180136326,0.4205575432319619,0.4808362369337979
2,43,lstm_price,has_news,313,0.37868263965756643,0.3821836426878444,0.4057507987220447
2,43,lstm_price,no_news,287,0.39812840559109214,0.4086389385807991,0.46689895470383275
2,44,lstm_price,has_news,313,0.42561589764529745,0.43293009511496905,0.46325878594249204
2,44,lstm_price,no_news,287,0.40153589189393385,0.41638342277877155,0.4843205574912892
2,42,lstm_price_sentiment,has_news,313,0.40359276579836495,0.40918213439221846,0.43769968051118213
2,42,lstm_price_sentiment,no_news,287,0.4220432993379853,0.43315692705227593,0.49825783972125437
2,43,lstm_price_sentiment,has_news,313,0.40763695711830383,0.40996706374857633,0.43450479233226835
2,43,lstm_price_sentiment,no_news,287,0.3922265839828564,0.40636801828662295,0.47038327526132406
2,44,lstm_price_sentiment,has_news,313,0.35907531824842254,0.38170960691969097,0.4249201277955272
2,44,lstm_price_sentiment,no_news,287,0.3850863203105586,0.4114887696283045,0.4808362369337979
2,42,tft_price,has_news,313,0.3682572614107884,0.38912795887585805,0.3865814696485623
2,42,tft_price,no_news,287,0.37752743782049575,0.385378155436295,0.42160278745644597
2,43,tft_price,has_news,313,0.4197628304442301,0.42047280450641794,0.43769968051118213
2,43,tft_price,no_news,287,0.39315180544740963,0.3951003776585172,0.42857142857142855
2,44,tft_price,has_news,313,0.40736311024295135,0.4125681041647428,0.43450479233226835
2,44,tft_price,no_news,287,0.3973110900259731,0.40584128403895847,0.4634146341463415
2,42,tft_price_sentiment,has_news,313,0.38298315720332554,0.40387231815803243,0.3929712460063898
2,42,tft_price_sentiment,no_news,287,0.3659512356464405,0.3764112502484595,0.4076655052264808
2,43,tft_price_sentiment,has_news,313,0.3308979860589552,0.3863884015144519,0.3865814696485623
2,43,tft_price_sentiment,no_news,287,0.3252166009897968,0.365792089047903,0.4181184668989547
2,44,tft_price_sentiment,has_news,313,0.36163741360959323,0.39266475821097674,0.3801916932907348
2,44,tft_price_sentiment,no_news,287,0.3816984196644349,0.39539355992844366,0.4355400696864111
3,42,majority,has_news,302,0.18035426731078905,0.3333333333333333,0.3708609271523179
3,42,majority,no_news,298,0.17973856209150327,0.3333333333333333,0.3691275167785235
3,43,majority,has_news,302,0.18035426731078905,0.3333333333333333,0.3708609271523179
3,43,majority,no_news,298,0.17973856209150327,0.3333333333333333,0.3691275167785235
3,44,majority,has_news,302,0.18035426731078905,0.3333333333333333,0.3708609271523179
3,44,majority,no_news,298,0.17973856209150327,0.3333333333333333,0.3691275167785235
3,42,random,has_news,302,0.330788256395733,0.33576373626373623,0.33774834437086093
3,42,random,no_news,298,0.2840953421053422,0.2888172974533903,0.28523489932885904
3,43,random,has_news,302,0.29636414455295784,0.310514652014652,0.2980132450331126
3,43,random,no_news,298,0.3441758092916159,0.34420199613767216,0.35570469798657717
3,44,random,has_news,302,0.37880590093615046,0.38726190476190475,0.3841059602649007
3,44,random,no_news,298,0.32880749784190405,0.331328171530673,0.33221476510067116
3,42,logreg_price,has_news,302,0.39401490131320277,0.413992673992674,0.44370860927152317
3,42,logreg_price,no_news,298,0.3271481612945028,0.3687151442958471,0.39932885906040266
3,43,logreg_price,has_news,302,0.39401490131320277,0.413992673992674,0.44370860927152317
3,43,logreg_price,no_news,298,0.3271481612945028,0.3687151442958471,0.39932885906040266
3,44,logreg_price,has_news,302,0.39401490131320277,0.413992673992674,0.44370860927152317
3,44,logreg_price,no_news,298,0.3271481612945028,0.3687151442958471,0.39932885906040266
3,42,logreg_price_sentiment,has_news,302,0.3999420305857671,0.4127692307692308,0.44370860927152317
3,42,logreg_price_sentiment,no_news,298,0.33244304886338344,0.3748172613568683,0.40268456375838924
3,43,logreg_price_sentiment,has_news,302,0.3999420305857671,0.4127692307692308,0.44370860927152317
3,43,logreg_price_sentiment,no_news,298,0.33244304886338344,0.3748172613568683,0.40268456375838924
3,44,logreg_price_sentiment,has_news,302,0.3999420305857671,0.4127692307692308,0.44370860927152317
3,44,logreg_price_sentiment,no_news,298,0.33244304886338344,0.3748172613568683,0.40268456375838924
3,42,lstm_price,has_news,302,0.3685002266392771,0.37257509157509155,0.40066225165562913
3,42,lstm_price,no_news,298,0.3514838824719096,0.36910679156063314,0.3926174496644295
3,43,lstm_price,has_news,302,0.4013246657672022,0.4008974358974359,0.4205298013245033
3,43,lstm_price,no_news,298,0.35042152556918577,0.35970725720576824,0.37919463087248323
3,44,lstm_price,has_news,302,0.37599428064165985,0.3780164835164835,0.39403973509933776
3,44,lstm_price,no_news,298,0.3539522202916201,0.36273756023607123,0.3825503355704698
3,42,lstm_price_sentiment,has_news,302,0.40629010469435994,0.40653663003663004,0.4370860927152318
3,42,lstm_price_sentiment,no_news,298,0.368371883552548,0.38012886458389733,0.40268456375838924
3,43,lstm_price_sentiment,has_news,302,0.39257614130787716,0.39095054945054947,0.4139072847682119
3,43,lstm_price_sentiment,no_news,298,0.367282019190655,0.377362066164925,0.39932885906040266
3,44,lstm_price_sentiment,has_news,302,0.4099468256221024,0.41073992673992676,0.4304635761589404
3,44,lstm_price_sentiment,no_news,298,0.3504461494742825,0.3665132564477413,0.3859060402684564
3,42,tft_price,has_news,302,0.39481601372288627,0.39475824175824176,0.40066225165562913
3,42,tft_price,no_news,298,0.3370820217082044,0.3376631111592398,0.35570469798657717
3,43,tft_price,has_news,302,0.37724944629014395,0.3933791208791209,0.423841059602649
3,43,tft_price,no_news,298,0.29836858539486644,0.3332809933762882,0.3691275167785235
3,44,tft_price,has_news,302,0.3632771917568216,0.3648058608058608,0.40397350993377484
3,44,tft_price,no_news,298,0.3522951824146647,0.3688541159059325,0.40604026845637586
3,42,tft_price_sentiment,has_news,302,0.33952238222231584,0.3409102564102564,0.3708609271523179
3,42,tft_price_sentiment,no_news,298,0.32169990503323836,0.32347898280000725,0.3422818791946309
3,43,tft_price_sentiment,has_news,302,0.3686653319986653,0.37975824175824174,0.4271523178807947
3,43,tft_price_sentiment,no_news,298,0.34567826809206115,0.37385709386900573,0.40939597315436244
3,44,tft_price_sentiment,has_news,302,0.33607270865335376,0.3587051282051282,0.40066225165562913
3,44,tft_price_sentiment,no_news,298,0.3274556111243418,0.3562853069106791,0.3825503355704698
4,42,majority,has_news,308,0.18238993710691823,0.3333333333333333,0.37662337662337664
4,42,majority,no_news,292,0.17383966244725738,0.3333333333333333,0.3527397260273973
4,43,majority,has_news,308,0.18238993710691823,0.3333333333333333,0.37662337662337664
4,43,majority,no_news,292,0.17383966244725738,0.3333333333333333,0.3527397260273973
4,44,majority,has_news,308,0.18238993710691823,0.3333333333333333,0.37662337662337664
4,44,majority,no_news,292,0.17383966244725738,0.3333333333333333,0.3527397260273973
4,42,random,has_news,308,0.31106445435900426,0.31212155360228383,0.3116883116883117
4,42,random,no_news,292,0.33414801813660966,0.3362948460035839,0.3356164383561644
4,43,random,has_news,308,0.3586622097795762,0.35889865524753956,0.36038961038961037
4,43,random,no_news,292,0.3680714849533122,0.37164012406730856,0.3698630136986301
4,44,random,has_news,308,0.3393265137210005,0.338813763053114,0.3409090909090909
4,44,random,no_news,292,0.3100009821971233,0.311333364731423,0.3116438356164384
4,42,logreg_price,has_news,308,0.3469840648999219,0.34918864097363084,0.3474025974025974
4,42,logreg_price,no_news,292,0.3682011935208866,0.39460894800700624,0.3732876712328767
4,43,logreg_price,has_news,308,0.3469840648999219,0.34918864097363084,0.3474025974025974
4,43,logreg_price,no_news,292,0.3682011935208866,0.39460894800700624,0.3732876712328767
4,44,logreg_price,has_news,308,0.3469840648999219,0.34918864097363084,0.3474025974025974
4,44,logreg_price,no_news,292,0.3682011935208866,0.39460894800700624,0.3732876712328767
4,42,logreg_price_sentiment,has_news,308,0.3462223258438688,0.35009015100292995,0.35064935064935066
4,42,logreg_price_sentiment,no_news,292,0.40134146002059506,0.4292500117742836,0.410958904109589
4,43,logreg_price_sentiment,has_news,308,0.3462223258438688,0.35009015100292995,0.35064935064935066
4,43,logreg_price_sentiment,no_news,292,0.40134146002059506,0.4292500117742836,0.410958904109589
4,44,logreg_price_sentiment,has_news,308,0.3462223258438688,0.35009015100292995,0.35064935064935066
4,44,logreg_price_sentiment,no_news,292,0.40134146002059506,0.4292500117742836,0.410958904109589
4,42,lstm_price,has_news,308,0.35539769145241346,0.3551836826684697,0.36038961038961037
4,42,lstm_price,no_news,292,0.3971035527092228,0.4093021326031035,0.3972602739726027
4,43,lstm_price,has_news,308,0.33900241705119755,0.3426639621365788,0.34415584415584416
4,43,lstm_price,no_news,292,0.42010627457137667,0.4285861664502441,0.4212328767123288
4,44,lstm_price,has_news,308,0.3409913904592987,0.34219442566298547,0.3474025974025974
4,44,lstm_price,no_news,292,0.40767872012097445,0.4164698679261786,0.4075342465753425
4,42,lstm_price_sentiment,has_news,308,0.3454185731231994,0.35249417774772746,0.36363636363636365
4,42,lstm_price_sentiment,no_news,292,0.42123388603929257,0.42998562416038144,0.4212328767123288
4,43,lstm_price_sentiment,has_news,308,0.388894340919995,0.38971902937420183,0.3961038961038961
4,43,lstm_price_sentiment,no_news,292,0.4004420574104482,0.41357563687660776,0.4006849315068493
4,44,lstm_price_sentiment,has_news,308,0.38223539774146476,0.38439636390954846,0.39285714285714285
4,44,lstm_price_sentiment,no_news,292,0.4542370546915702,0.46105291250922326,0.4554794520547945
4,42,tft_price,has_news,308,0.3744081476714081,0.37479152580572456,0.37987012987012986
4,42,tft_price,no_news,292,0.3995932201915844,0.4030740972488545,0.4006849315068493
4,43,tft_price,has_news,308,0.36012064514479974,0.36276763578994814,0.36363636363636365
4,43,tft_price,no_news,292,0.3861053587395125,0.40236764023171795,0.386986301369863
4,44,tft_price,has_news,308,0.325807122278654,0.33198482458117345,0.3409090909090909
4,44,tft_price,no_news,292,0.35719375114564306,0.3698123067055106,0.3595890410958904
4,42,tft_price_sentiment,has_news,308,0.36998748058473147,0.3739388475696792,0.38636363636363635
4,42,tft_price_sentiment,no_news,292,0.39613965744400526,0.3960218620412795,0.4006849315068493
4,43,tft_price_sentiment,has_news,308,0.34558275393919446,0.34609721283149275,0.3474025974025974
4,43,tft_price_sentiment,no_news,292,0.4191245536997066,0.4291479679829194,0.4280821917808219
4,44,tft_price_sentiment,has_news,308,0.33283603005051615,0.3326196378934716,0.33766233766233766
4,44,tft_price_sentiment,no_news,292,0.41944151801473456,0.4247746626387403,0.4212328767123288
5,42,majority,has_news,259,0.1923076923076923,0.3333333333333333,0.40540540540540543
5,42,majority,no_news,341,0.17246376811594202,0.3333333333333333,0.3489736070381232
5,43,majority,has_news,259,0.1923076923076923,0.3333333333333333,0.40540540540540543
5,43,majority,no_news,341,0.17246376811594202,0.3333333333333333,0.3489736070381232
5,44,majority,has_news,259,0.1923076923076923,0.3333333333333333,0.40540540540540543
5,44,majority,no_news,341,0.17246376811594202,0.3333333333333333,0.3489736070381232
5,42,random,has_news,259,0.28648233486943164,0.2897484260479377,0.29343629343629346
5,42,random,no_news,341,0.32012742431084046,0.3283281195689955,0.3196480938416422
5,43,random,has_news,259,0.3492226036250184,0.3611658011006898,0.35135135135135137
5,43,random,no_news,341,0.3080185370905682,0.31059314236643565,0.31085043988269795
5,44,random,has_news,259,0.33437522848577905,0.33662679034355647,0.3436293436293436
5,44,random,no_news,341,0.31405119636556317,0.3177165756813674,0.31671554252199413
5,42,logreg_price,has_news,259,0.4209853021230267,0.4490246234142056,0.42084942084942084
5,42,logreg_price,no_news,341,0.328311125673511,0.3356110327342616,0.3284457478005865
5,43,logreg_price,has_news,259,0.4209853021230267,0.4490246234142056,0.42084942084942084
5,43,logreg_price,no_news,341,0.328311125673511,0.3356110327342616,0.3284457478005865
5,44,logreg_price,has_news,259,0.4209853021230267,0.4490246234142056,0.42084942084942084
5,44,logreg_price,no_news,341,0.328311125673511,0.3356110327342616,0.3284457478005865
5,42,logreg_price_sentiment,has_news,259,0.39847754291183396,0.42571032391976504,0.4015444015444015
5,42,logreg_price_sentiment,no_news,341,0.3300260944072285,0.33753296939213645,0.3343108504398827
5,43,logreg_price_sentiment,has_news,259,0.39847754291183396,0.42571032391976504,0.4015444015444015
5,43,logreg_price_sentiment,no_news,341,0.3300260944072285,0.33753296939213645,0.3343108504398827
5,44,logreg_price_sentiment,has_news,259,0.39847754291183396,0.42571032391976504,0.4015444015444015
5,44,logreg_price_sentiment,no_news,341,0.3300260944072285,0.33753296939213645,0.3343108504398827
5,42,lstm_price,has_news,259,0.461873831461209,0.4785537727480213,0.47104247104247104
5,42,lstm_price,no_news,341,0.3662825272835399,0.3792757979104051,0.375366568914956
5,43,lstm_price,has_news,259,0.4490127994372477,0.45862077875100127,0.4555984555984556
5,43,lstm_price,no_news,341,0.3575606474768411,0.36511071581917437,0.36950146627565983
5,44,lstm_price,has_news,259,0.429268240042302,0.45187022539165783,0.4362934362934363
5,44,lstm_price,no_news,341,0.3421530390758781,0.3557300292379726,0.3460410557184751
5,42,lstm_price_sentiment,has_news,259,0.4639222101054162,0.4821848435521794,0.4864864864864865
5,42,lstm_price_sentiment,no_news,341,0.3612037551726268,0.36291889018381074,0.36950146627565983
5,43,lstm_price_sentiment,has_news,259,0.4425131909561451,0.45659337346803436,0.444015444015444
5,43,lstm_price_sentiment,no_news,341,0.3738559874424668,0.3745241162158293,0.3812316715542522
5,44,lstm_price_sentiment,has_news,259,0.4206522687857433,0.43083481900627857,0.42084942084942084
5,44,lstm_price_sentiment,no_news,341,0.39098861041057575,0.3928193175080252,0.39882697947214074
5,42,tft_price,has_news,259,0.40681041271340446,0.4450748865290373,0.4247104247104247
5,42,tft_price,no_news,341,0.3243448977641351,0.3571530802101863,0.34017595307917886
5,43,tft_price,has_news,259,0.42736726874657904,0.42424101490840505,0.4362934362934363
5,43,tft_price,no_news,341,0.3581286038313339,0.36016684045881125,0.3782991202346041
5,44,tft_price,has_news,259,0.4359461346701872,0.4391666451351746,0.44787644787644787
5,44,tft_price,no_news,341,0.35292911957192796,0.36138134085751084,0.36950146627565983
5,42,tft_price_sentiment,has_news,259,0.4198502203823533,0.43395430156146375,0.4247104247104247
5,42,tft_price_sentiment,no_news,341,0.33865746656444334,0.34435379991412624,0.35777126099706746
5,43,tft_price_sentiment,has_news,259,0.4047733543353899,0.42967039592107414,0.40540540540540543
5,43,tft_price_sentiment,no_news,341,0.32344782334451544,0.33053630211208573,0.3255131964809384
5,44,tft_price_sentiment,has_news,259,0.4003849015274145,0.41176480720702097,0.4015444015444015
5,44,tft_price_sentiment,no_news,341,0.36154559147259885,0.3616389621542047,0.3724340175953079
